0,1
potterybarnkids.com,tagged.com
opticsplanet.com,worldstaruncut.com
collegefreakz.com,tutorialspoint.com
hickoryrecord.com,eesysoft.com
beyonddiet.com,balancetrak.com
activebeat.co,123movies.ru
personalcreations.com,internships.com
raysweather.com,google.co.in
sunfrog.com,lovelywholesale.com
markandgraham.com,talentbrew.com
vetinfo.com,einthusan.com
southernstates.com,vaniki.com
motdgd.com,dtlr.com
smith-wesson.com,tudou.com
playboy.com,spatialest.com
consumersearch.com,goodtherapy.org
classiccars.com,yesmovies.to
armslist.com,mp3goo.com
thirtyhandmadedays.com,sunriseseniorliving.com
lightingdirect.com,flixanity.watch
kitchenaid.com,themenest.net
autocodes.com,compareremit.com
omniticket.com,jobs2web.com
worldwildlife.org,greenhouse.io
mycokerewards.com,k12jobspot.com
fed.us,353online.com
emedtv.com,smithfieldfoods.com
quickbooks.com,find.ly
warhistoryonline.com,path2usa.com
calendarspark.com,movies-free.online
epayitonline.com,baiworks.com
primesport.com,4kmovietube.com
diychatroom.com,rotita.com
motosport.com,letwatch.us
webervations.com,blackcrush.com
thefirearmblog.com,papalouie.com
photoshelter.com,studypool.com
tractorbynet.com,squirmingcontractual.com
file-minecraft.com,gotriangle.org
festivalnet.com,yebogo.com
charlottefive.com,drugfreeworld.org
bulbhead.com,apploi.com
lollywollydoodle.com,movietv.to
lenscrafters.com,serverfault.com
obd-codes.com,jetbrains.com
dunhamssports.com,pewsocialtrends.org
eastwood.com,vshare.com
admission.net,playedto.me
thehighroad.org,mclaneco.com
aao.org,sykes.com
mobileadventurers.com,healthecareers.com
handybackup.org,coderanch.com
rodanandfields.com,strayerchat.com
altdriver.com,programcreek.com
eurogamer.net,experts-exchange.com
talkingpointsmemo.com,nic.in
xxxtubeset.com,waypointoutcomes.com
turnto.com,dzone.com
rushlimbaugh.com,personalloans.com
firstnational.com,derivative-calculator.net
efireplacestore.com,sellbackyourbook.com
packagetracking.net,nova.edu
contractortalk.com,durhamcountylibrary.org
petcarerx.com,healthit.gov
clarkeamerican.com,stocklayouts.com
slashgear.com,mass.edu
fender.com,movie-32.com
wikiarms.com,pornworms.com
pornzeus.com,myvisajobs.com
ghdig.com,connectyard.com
bab.la,kidssundayschool.com
galleryofguns.com,trinity.edu
cat.com,paypal-cash.com
spartan.com,indigocard.com
hancockfabrics.com,scoopwhoop.com
furnacecompare.com,interlude.fm
voyeursexfilms.com,taig9.com
kyliecosmetics.com,softwaretestinghelp.com
bestsexo.com,theundercoverrecruiter.com
justmysize.com,uncf.org
thefiringline.com,sccnc.edu
oldertube.com,convergys.com
gowilkes.com,freelifetimemilfaffair.com
newslinq.com,javacodegeeks.com
mediamatters.org,xblacktube.com
breakville.com,jobsintrucks.com
chasebonus.com,alltruckjobs.com
touchofclass.com,law.com
schoolofdragons.com,cummins.com
buggiesunlimited.com,soku.com
vocabtest.com,rapidvidz.com
coffetube.com,tusfiles.net
magicseaweed.com,newblacktube.com
rvt.com,redbus2us.com
consumereview.org,gameplaycloud.com
newscdn.com.au,lendio.com
firemountaingems.com,getmyinsurance.com
camplace.com,9movies.to
realestatebook.com,perksatwork.com
gunvaluesboard.com,vidspot.net
