1,2,3,5
mentertained.com,entergy.com,watchvideo.us,fi-apps.com
historyhole.com,isn.ag,atlassian.com,vavel.com
youniqueproducts.com,creditrepair.com,mediad2.jp,itsallgay.eu
woodcraft.com,findeverythingonline.com,rpi.edu,lawyerist.com
carhartt.com,gamingmanualfree.com,skysports.com,visualthesaurus.com
ihavethetruth.com,findasklocate.com,geocities.jp,babyfirsttv.com
metv.com,ladypopular.com,ittoolbox.com,edensgarden.com
realhousemoms.com,locatewebsitelinks.com,nextshark.com,sportsgamesonline.net
israelvideonetwork.com,forgamingfun.com,bollywoodhungama.com,navigators.org
chronofhorse.com,spaoa.org,visualstudio.com,sexchatster.com
flixxy.com,firstprogress.com,accenture.com,skidrow-games.com
jalopyjournal.com,circlek.com,airchina.us,mandee.com
sunbeltrentals.com,floridajobdepartment.com,ozee.com,cregslist.com
mundo.com,grantspace.org,op.gg,topgearautosport.com
thegoodolddays.club,tmzhiphop.com,electronics-tutorials.ws,printablecalendartemplates.com
showbiz411.com,ballislife.com,techonthenet.com,dynastyseries.com
bringfido.com,totallifechanges.com,oneindia.com,abigass.com
americanupdater.com,atlantadailyworld.com,playwire.com,ubeeinteractive.com
funko.com,gamingsforfun.com,askubuntu.com,intacct.com
knfilters.com,dekalbschoolsga.org,kissasian.com,eliyah.com
olivesoftware.com,axdapi.com,csumentor.edu,newamericanfunding.com
wicourts.gov,philasd.org,amadeus.com,noisetrade.com
thisamazedme.com,albanyherald.com,asme.org,scottalanturner.com
zevenup.com,yourcareergenie.net,exceljet.net,edlioadmin.com
ethanallen.com,lensa.com,ebrary.com,moskvatv.org
hotrodders.com,playminecraftfrees.com,dcu-online.org,xxx-stop.com
payebill.net,gtl.net,letwatch.to,healthexchangequotes.com
justataste.com,bestbank.com,movies24free.com,copperchef360.com
imsoblesseddaily.com,hoverkicks.com,indiamart.com,systweak.com
thedieselstop.com,fultoncountyga.gov,githubusercontent.com,whichvoip.com
afamilyfeast.com,claytoncountyga.gov,in.com,promptalert.com
parishesonline.com,iloveoldschoolmusic.com,cplusplus.com,salvageworldauctions.com
hepsiian.com,centrictv.com,koreaboo.com,fuckmyrealwife.com
adventurerv.net,pleaseapplyonline.com,geekinterview.com,agentinsure.com
cakescottage.com,openposition.net,uiuc.edu,empirewritesback.com
americinn.com,meez.com,htmlpublish.com,unb.ca
unionleader.com,corrlinks.com,crichd.com,gamehour.com
naturehills.com,funonlineplay.com,efinancialcareers.com,justporno.es
hesstoytruck.com,wonderliconline.com,drikpanchang.com,buzzjunk.com
bunsinmyoven.com,connectnetwork.com,asp.net,saddleback.edu
societyofrock.com,bojangles.com,liebertpub.com,stylechirp.com
rumble.com,newusafunding.com,greenend.org.uk,lang-8.com
buildzoom.com,findweblinkdeals.com,mdpi.com,ztsrv.com
0at.org,wonderlic.com,cbazaar.com,fuelly.com
recipetips.com,logentries.com,redbus2us.com,error
survivalistboards.com,simplybe.com,webengage.com,fixedbyvonnie.com
beeradvocate.com,faytechcc.edu,mapsofindia.com,futbolmundial.com
tupperware.com,audienceconnect.com,uwaterloo.ca,angrysenator.com
touringplans.com,spotloan.com,hopper.com,heartsmart.com
anonews.co,4v4.com,listovative.com,avatarmaker.net
sightmaxondemand.com,162.150.16.252,teamunify.com,stopforeclosurefraud.com
viralvo.com,impellam.com,deals2buy.com,adultsense.com
advocare.com,checkers.com,codepen.io,pavementsucks.com
bingsandbox.com,compellingtruth.org,creately.com,sexgamein3d.com
socialchoice.com,toysrus.jobs,tamilgun.com,teamopolis.com
offthegridnews.com,gatherdocs.com,visapro.com,z1motorsports.com
fox9.com,gettingacreditcard.com,joins.com,uscallers.com
redflagnews.com,peachcare.org,britishcouncil.org,neworleanswebsites.com
proxyvote.com,upward.careers,nist.gov,easybarcodetech.com
zishy.com,work4checkers.com,pnas.org,vaporbeast.com
aa1car.com,northcarolinajobdepartment.com,visajourney.com,freechatnow.com
reversephonelookup.com,roehl.jobs,pandora.tv,extradeportes.net
legendaryspeed.com,snelling.com,ntwoad.co.kr,quickleasepro.com
adzs.nl,streame.net,allkpop.com,fleetone.com
pplmotorhomes.com,cogic.org,pixiv.org,buddymd.com
newsy.com,progresscredit.com,dmm.co.jp,pokemonfire.com
online-hub.com,gossiponthis.com,cprogramming.com,top5-websitebuilders.com
soundmoneydefense.org,delhaize.com,crichd.tv,lickitty.com
slickguns.com,jobs-app.com,mp3cut.net,firstweber.com
gurneys.com,rentlinx.com,edu.hk,rcfp.org
trudog.com,fashiontofigure.com,documents.tips,lineuplab.com
megadroughtexposed.com,continentalfinance.net,taketours.com,americanspice.com
snapon.com,speckd.com,inquirer.net,lindseyracing.com
newlifeoutlook.com,dekalbcountyga.gov,go.kr,gbafun.com
districtspeed.com,cardapprovalusa.com,donga.com,russiancupid.com
americanjournalreview.com,usloanadvances.com,mysql.com,newsprepper.com
cnhionline.com,bluetrustloans.com,webtoons.com,superbiz.com
ftvgirls.com,plaingreenloans.com,mmnneo.com,dixcom.com
auntyacid.com,waitlistcheck.com,yonhapnews.co.kr,georgia-families.com
dexwebsolutions.com,file-4-grants.com,evaair.com,programmablepower.com
dunhamssports.com,formi9.com,dp25.kr,luumiasims.com
adn.com,2dopeboyz.com,gmarket.co.kr,ged101.com
shakeology.com,badoostats.com,koreadaily.com,safeservesearch.com
kitchme.com,connectpal.com,chosun.com,plannedparenthoodaction.org
metart.com,yourdegree.com,google.co.kr,nursecareerboard.com
centercutcook.com,hiddenlistings.com,heraldcorp.com,nfcc.org
keyingredient.com,hugegame.net,jd.com,freedsn.com
thecountrycook.net,nudeafrica.com,rappler.com,blissworld.com
quicktransportsolutions.com,empowernetwork.com,emirates.com,moorparkcollege.edu
extremerestraints.com,filmovizija.ws,taobao.com,reflex-gamers.com
hotfrog.com,worldventures.biz,le.com,elogiclearning.com
chevronstemzone.com,trustedinstallmentloans.com,kissmanga.com,stereoboard.com
stockpilingmoms.com,abm.com,arxiv.org,epayillinois.com
athleta.com,raccareers.net,gartner.com,google.com.pr
stateparks.com,dateprofitsads.com,pixiv.net,osha.com
teamrock.com,104.131.120.215,informit.com,bcbits.com
myrecipemagic.com,jobsinmyneighborhood.com,xinhuanet.com,universia.net
ftvcash.com,texasjobdepartment.com,totalsportek.com,line2.com
nudistlog.com,aarp-lifeinsurance.com,mensxp.com,omegle18.com
weber.com,publicsurveypanel.com,nixcdn.com,peru.com
